,model,best_score,precision,recall,f1_score,best_params
0,SVM,0.8926125776397515,0.8989292940647482,0.8982521847690388,0.8982089918781905,"{'C': 20, 'kernel': 'rbf'}"
1,DECISION_TREE,0.8944759316770187,0.8980466308288536,0.8970037453183521,0.8969362383384093,"{'criterion': 'gini', 'max_depth': 7}"
2,ADABOOST,0.8957142857142857,0.9009347108018835,0.9001248439450686,0.9000743828330036,"{'base_estimator__criterion': 'gini', 'base_estimator__splitter': 'best', 'n_estimators': 1}"
3,RANDOM_FOREST,0.8938509316770185,0.9009347108018835,0.9001248439450686,0.9000743828330036,{'n_estimators': 5}
4,LOGISTIC_REGRESSION,0.872651397515528,0.8820866741094083,0.881398252184769,0.8813448056484208,{'C': 1}
5,NAIVE_BAYES:BERNOULLINB,0.8495225155279502,0.8704949418958036,0.867665418227216,0.8674122702912039,{'alpha': 0.01}
